{"cameraMode":{"drawMode":0,"name":"Shaded","section":"Shading Mode"},"sceneLighting":true,"audioPlay":false,"sceneViewState":{"showFog":true,"showMaterialUpdate":false,"showSkybox":true,"showFlares":true,"showImageEffects":true,"showParticleSystems":true,"showVisualEffectGraphs":true,"m_FxEnabled":true},"in2DMode":false,"pivot":{"x":-3.3263816833496095,"y":0.4180385172367096,"z":1.1819419860839844},"rotation":{"x":-0.007727338466793299,"y":0.5576631426811218,"z":-0.005191964562982321,"w":-0.8300151824951172},"size":3.007394790649414,"orthographic":false}