{"cameraMode":{"drawMode":0,"name":"Shaded","section":"Shading Mode"},"sceneLighting":true,"audioPlay":false,"sceneViewState":{"showFog":true,"showMaterialUpdate":false,"showSkybox":true,"showFlares":true,"showImageEffects":true,"showParticleSystems":true,"showVisualEffectGraphs":true,"m_FxEnabled":true},"in2DMode":false,"pivot":{"x":2.1314432621002199,"y":9.10769271850586,"z":8.948707580566407},"rotation":{"x":-0.022791067138314248,"y":-0.03838326409459114,"z":0.0008771438733674586,"w":-0.9990047812461853},"size":43.87312316894531,"orthographic":false}