{"cameraMode":{"drawMode":0,"name":"Shaded","section":"Shading Mode"},"sceneLighting":true,"audioPlay":false,"sceneViewState":{"showFog":true,"showMaterialUpdate":false,"showSkybox":true,"showFlares":true,"showImageEffects":true,"showParticleSystems":true,"showVisualEffectGraphs":true,"m_FxEnabled":true},"in2DMode":false,"pivot":{"x":1.5834007263183594,"y":0.6322188377380371,"z":1.4997098445892335},"rotation":{"x":-0.33590656518936159,"y":0.1160057857632637,"z":-0.041729558259248736,"w":-0.9337936639785767},"size":1.207395076751709,"orthographic":false}