{"cameraMode":{"drawMode":0,"name":"Shaded","section":"Shading Mode"},"sceneLighting":true,"audioPlay":false,"sceneViewState":{"showFog":true,"showMaterialUpdate":false,"showSkybox":true,"showFlares":true,"showImageEffects":true,"showParticleSystems":true,"showVisualEffectGraphs":true,"m_FxEnabled":true},"in2DMode":false,"pivot":{"x":-6.3607892990112309,"y":5.329687118530273,"z":55.28391647338867},"rotation":{"x":0.0991092398762703,"y":0.027172017842531205,"z":-0.0027246158570051195,"w":0.9947130680084229},"size":20.341716766357423,"orthographic":false}