{"cameraMode":{"drawMode":0,"name":"Shaded","section":"Shading Mode"},"sceneLighting":true,"audioPlay":false,"sceneViewState":{"showFog":true,"showMaterialUpdate":false,"showSkybox":true,"showFlares":true,"showImageEffects":true,"showParticleSystems":true,"showVisualEffectGraphs":true,"m_FxEnabled":true},"in2DMode":false,"pivot":{"x":0.5677750110626221,"y":0.31097936630249026,"z":0.5313339233398438},"rotation":{"x":0.05076497793197632,"y":0.584837019443512,"z":0.0367131307721138,"w":-0.8087308406829834},"size":0.6073950529098511,"orthographic":false}